{"cameraMode":{"drawMode":0,"name":"Shaded","section":"Shading Mode"},"sceneLighting":false,"audioPlay":false,"sceneViewState":{"m_AlwaysRefresh":false,"showFog":true,"showSkybox":false,"showFlares":true,"showImageEffects":true,"showParticleSystems":true,"showVisualEffectGraphs":true,"m_FxEnabled":false},"in2DMode":false,"pivot":{"x":1.0690107345581055,"y":14.755884170532227,"z":-0.00040149688720703125},"rotation":{"x":0.47910135984420779,"y":0.3928624093532562,"z":-0.2546674311161041,"w":0.7428755164146423},"size":36.21184539794922,"orthographic":false}