{"cameraMode":{"drawMode":0,"name":"Shaded","section":"Shading Mode"},"sceneLighting":false,"audioPlay":false,"sceneViewState":{"m_AlwaysRefresh":false,"showFog":true,"showSkybox":false,"showFlares":true,"showImageEffects":true,"showParticleSystems":true,"showVisualEffectGraphs":true,"m_FxEnabled":false},"in2DMode":false,"pivot":{"x":0.11188638210296631,"y":0.48977553844451907,"z":-0.16151249408721925},"rotation":{"x":-0.09768152981996536,"y":0.8866104483604431,"z":-0.21551696956157685,"w":-0.398155152797699},"size":1.0840345621109009,"orthographic":false}