{"cameraMode":{"drawMode":0,"name":"Shaded","section":"Shading Mode"},"sceneLighting":false,"audioPlay":false,"sceneViewState":{"m_AlwaysRefresh":false,"showFog":true,"showSkybox":false,"showFlares":true,"showImageEffects":true,"showParticleSystems":true,"showVisualEffectGraphs":true,"m_FxEnabled":false},"in2DMode":false,"pivot":{"x":0.05979543924331665,"y":1.6479476690292359,"z":0.18946713209152223},"rotation":{"x":-0.09768152981996536,"y":0.8866104483604431,"z":-0.21551696956157685,"w":-0.398155152797699},"size":2.1354496479034426,"orthographic":false}