{"cameraMode":{"drawMode":0,"name":"Shaded","section":"Shading Mode"},"sceneLighting":false,"audioPlay":false,"sceneViewState":{"m_AlwaysRefresh":false,"showFog":true,"showSkybox":false,"showFlares":true,"showImageEffects":true,"showParticleSystems":true,"showVisualEffectGraphs":true,"m_FxEnabled":false},"in2DMode":false,"pivot":{"x":44.15496826171875,"y":111.38906860351563,"z":-112.15391540527344},"rotation":{"x":-0.3158036768436432,"y":-0.019927602261304857,"z":0.006484062410891056,"w":-0.9487907886505127},"size":16.602214813232423,"orthographic":false}