{"cameraMode":{"drawMode":0,"name":"Shaded","section":"Shading Mode"},"sceneLighting":false,"audioPlay":false,"sceneViewState":{"m_AlwaysRefresh":false,"showFog":true,"showSkybox":false,"showFlares":true,"showImageEffects":true,"showParticleSystems":true,"showVisualEffectGraphs":true,"m_FxEnabled":false},"in2DMode":false,"pivot":{"x":0.10500049591064453,"y":13.610000610351563,"z":0.06418704986572266},"rotation":{"x":0.1679755002260208,"y":0.8138914704322815,"z":-0.2890961468219757,"w":0.47580066323280337},"size":36.93339538574219,"orthographic":false}