{"cameraMode":{"drawMode":0,"name":"Shaded","section":"Shading Mode"},"sceneLighting":false,"audioPlay":false,"sceneViewState":{"m_AlwaysRefresh":false,"showFog":true,"showSkybox":false,"showFlares":true,"showImageEffects":true,"showParticleSystems":true,"showVisualEffectGraphs":true,"m_FxEnabled":false},"in2DMode":false,"pivot":{"x":0.00000476837158203125,"y":0.4638107419013977,"z":0.00000762939453125},"rotation":{"x":0.3151383101940155,"y":0.6205664873123169,"z":-0.30238693952560427,"w":0.6517924070358276},"size":13.16145133972168,"orthographic":false}