{"cameraMode":{"drawMode":0,"name":"Shaded","section":"Shading Mode"},"sceneLighting":false,"audioPlay":false,"sceneViewState":{"m_AlwaysRefresh":false,"showFog":true,"showSkybox":false,"showFlares":true,"showImageEffects":true,"showParticleSystems":true,"showVisualEffectGraphs":true,"m_FxEnabled":false},"in2DMode":false,"pivot":{"x":0.2170122265815735,"y":0.5671389102935791,"z":-0.06051981449127197},"rotation":{"x":-0.09768152981996536,"y":0.8866104483604431,"z":-0.21551696956157685,"w":-0.398155152797699},"size":1.6858795881271363,"orthographic":false}