{"cameraMode":{"drawMode":0,"name":"Shaded","section":"Shading Mode"},"sceneLighting":false,"audioPlay":false,"sceneViewState":{"m_AlwaysRefresh":false,"showFog":true,"showSkybox":false,"showFlares":true,"showImageEffects":true,"showParticleSystems":true,"showVisualEffectGraphs":true,"m_FxEnabled":false},"in2DMode":false,"pivot":{"x":0.000002384185791015625,"y":0.16353513300418855,"z":9.5367431640625e-7},"rotation":{"x":0.33462822437286379,"y":0.39699286222457888,"z":-0.15991735458374024,"w":0.8399602770805359},"size":10.607856750488282,"orthographic":false}